<TextureAtlas imagePath="spritesheet-tiles-default.png">
	<SubTexture name="block_blue" x="0" y="0" width="64" height="64"/>
	<SubTexture name="block_coin" x="65" y="0" width="64" height="64"/>
	<SubTexture name="block_coin_active" x="130" y="0" width="64" height="64"/>
	<SubTexture name="block_empty" x="195" y="0" width="64" height="64"/>
	<SubTexture name="block_empty_warning" x="260" y="0" width="64" height="64"/>
	<SubTexture name="block_exclamation" x="325" y="0" width="64" height="64"/>
	<SubTexture name="block_exclamation_active" x="390" y="0" width="64" height="64"/>
	<SubTexture name="block_green" x="455" y="0" width="64" height="64"/>
	<SubTexture name="block_plank" x="520" y="0" width="64" height="64"/>
	<SubTexture name="block_planks" x="585" y="0" width="64" height="64"/>
	<SubTexture name="block_red" x="650" y="0" width="64" height="64"/>
	<SubTexture name="block_spikes" x="715" y="0" width="64" height="64"/>
	<SubTexture name="block_strong_coin" x="780" y="0" width="64" height="64"/>
	<SubTexture name="block_strong_coin_active" x="845" y="0" width="64" height="64"/>
	<SubTexture name="block_strong_danger" x="910" y="0" width="64" height="64"/>
	<SubTexture name="block_strong_danger_active" x="975" y="0" width="64" height="64"/>
	<SubTexture name="block_strong_empty" x="1040" y="0" width="64" height="64"/>
	<SubTexture name="block_strong_empty_active" x="1105" y="0" width="64" height="64"/>
	<SubTexture name="block_strong_exclamation" x="0" y="65" width="64" height="64"/>
	<SubTexture name="block_strong_exclamation_active" x="65" y="65" width="64" height="64"/>
	<SubTexture name="block_yellow" x="130" y="65" width="64" height="64"/>
	<SubTexture name="bomb" x="195" y="65" width="64" height="64"/>
	<SubTexture name="bomb_active" x="260" y="65" width="64" height="64"/>
	<SubTexture name="brick_brown" x="325" y="65" width="64" height="64"/>
	<SubTexture name="brick_brown_diagonal" x="390" y="65" width="64" height="64"/>
	<SubTexture name="brick_grey" x="455" y="65" width="64" height="64"/>
	<SubTexture name="brick_grey_diagonal" x="520" y="65" width="64" height="64"/>
	<SubTexture name="bricks_brown" x="585" y="65" width="64" height="64"/>
	<SubTexture name="bricks_grey" x="650" y="65" width="64" height="64"/>
	<SubTexture name="bridge" x="715" y="65" width="64" height="64"/>
	<SubTexture name="bridge_logs" x="780" y="65" width="64" height="64"/>
	<SubTexture name="bush" x="845" y="65" width="64" height="64"/>
	<SubTexture name="cactus" x="910" y="65" width="64" height="64"/>
	<SubTexture name="chain" x="975" y="65" width="64" height="64"/>
	<SubTexture name="coin_bronze" x="1040" y="65" width="64" height="64"/>
	<SubTexture name="coin_bronze_side" x="1105" y="65" width="64" height="64"/>
	<SubTexture name="coin_gold" x="0" y="130" width="64" height="64"/>
	<SubTexture name="coin_gold_side" x="65" y="130" width="64" height="64"/>
	<SubTexture name="coin_silver" x="130" y="130" width="64" height="64"/>
	<SubTexture name="coin_silver_side" x="195" y="130" width="64" height="64"/>
	<SubTexture name="conveyor" x="260" y="130" width="64" height="64"/>
	<SubTexture name="door_closed" x="325" y="130" width="64" height="64"/>
	<SubTexture name="door_closed_top" x="390" y="130" width="64" height="64"/>
	<SubTexture name="door_open" x="455" y="130" width="64" height="64"/>
	<SubTexture name="door_open_top" x="520" y="130" width="64" height="64"/>
	<SubTexture name="fence" x="585" y="130" width="64" height="64"/>
	<SubTexture name="fence_broken" x="650" y="130" width="64" height="64"/>
	<SubTexture name="fireball" x="715" y="130" width="64" height="64"/>
	<SubTexture name="flag_blue_a" x="780" y="130" width="64" height="64"/>
	<SubTexture name="flag_blue_b" x="845" y="130" width="64" height="64"/>
	<SubTexture name="flag_green_a" x="910" y="130" width="64" height="64"/>
	<SubTexture name="flag_green_b" x="975" y="130" width="64" height="64"/>
	<SubTexture name="flag_off" x="1040" y="130" width="64" height="64"/>
	<SubTexture name="flag_red_a" x="1105" y="130" width="64" height="64"/>
	<SubTexture name="flag_red_b" x="0" y="195" width="64" height="64"/>
	<SubTexture name="flag_yellow_a" x="65" y="195" width="64" height="64"/>
	<SubTexture name="flag_yellow_b" x="130" y="195" width="64" height="64"/>
	<SubTexture name="gem_blue" x="195" y="195" width="64" height="64"/>
	<SubTexture name="gem_green" x="260" y="195" width="64" height="64"/>
	<SubTexture name="gem_red" x="325" y="195" width="64" height="64"/>
	<SubTexture name="gem_yellow" x="390" y="195" width="64" height="64"/>
	<SubTexture name="grass" x="455" y="195" width="64" height="64"/>
	<SubTexture name="grass_purple" x="520" y="195" width="64" height="64"/>
	<SubTexture name="heart" x="585" y="195" width="64" height="64"/>
	<SubTexture name="hill" x="650" y="195" width="64" height="64"/>
	<SubTexture name="hill_top" x="715" y="195" width="64" height="64"/>
	<SubTexture name="hill_top_smile" x="780" y="195" width="64" height="64"/>
	<SubTexture name="hud_character_0" x="845" y="195" width="64" height="64"/>
	<SubTexture name="hud_character_1" x="910" y="195" width="64" height="64"/>
	<SubTexture name="hud_character_2" x="975" y="195" width="64" height="64"/>
	<SubTexture name="hud_character_3" x="1040" y="195" width="64" height="64"/>
	<SubTexture name="hud_character_4" x="1105" y="195" width="64" height="64"/>
	<SubTexture name="hud_character_5" x="0" y="260" width="64" height="64"/>
	<SubTexture name="hud_character_6" x="65" y="260" width="64" height="64"/>
	<SubTexture name="hud_character_7" x="130" y="260" width="64" height="64"/>
	<SubTexture name="hud_character_8" x="195" y="260" width="64" height="64"/>
	<SubTexture name="hud_character_9" x="260" y="260" width="64" height="64"/>
	<SubTexture name="hud_character_multiply" x="325" y="260" width="64" height="64"/>
	<SubTexture name="hud_character_percent" x="390" y="260" width="64" height="64"/>
	<SubTexture name="hud_coin" x="455" y="260" width="64" height="64"/>
	<SubTexture name="hud_heart" x="520" y="260" width="64" height="64"/>
	<SubTexture name="hud_heart_empty" x="585" y="260" width="64" height="64"/>
	<SubTexture name="hud_heart_half" x="650" y="260" width="64" height="64"/>
	<SubTexture name="hud_key_blue" x="715" y="260" width="64" height="64"/>
	<SubTexture name="hud_key_green" x="780" y="260" width="64" height="64"/>
	<SubTexture name="hud_key_red" x="845" y="260" width="64" height="64"/>
	<SubTexture name="hud_key_yellow" x="910" y="260" width="64" height="64"/>
	<SubTexture name="hud_player_beige" x="975" y="260" width="64" height="64"/>
	<SubTexture name="hud_player_green" x="1040" y="260" width="64" height="64"/>
	<SubTexture name="hud_player_helmet_beige" x="1105" y="260" width="64" height="64"/>
	<SubTexture name="hud_player_helmet_green" x="0" y="325" width="64" height="64"/>
	<SubTexture name="hud_player_helmet_pink" x="65" y="325" width="64" height="64"/>
	<SubTexture name="hud_player_helmet_purple" x="130" y="325" width="64" height="64"/>
	<SubTexture name="hud_player_helmet_yellow" x="195" y="325" width="64" height="64"/>
	<SubTexture name="hud_player_pink" x="260" y="325" width="64" height="64"/>
	<SubTexture name="hud_player_purple" x="325" y="325" width="64" height="64"/>
	<SubTexture name="hud_player_yellow" x="390" y="325" width="64" height="64"/>
	<SubTexture name="key_blue" x="455" y="325" width="64" height="64"/>
	<SubTexture name="key_green" x="520" y="325" width="64" height="64"/>
	<SubTexture name="key_red" x="585" y="325" width="64" height="64"/>
	<SubTexture name="key_yellow" x="650" y="325" width="64" height="64"/>
	<SubTexture name="ladder_bottom" x="715" y="325" width="64" height="64"/>
	<SubTexture name="ladder_middle" x="780" y="325" width="64" height="64"/>
	<SubTexture name="ladder_top" x="845" y="325" width="64" height="64"/>
	<SubTexture name="lava" x="910" y="325" width="64" height="64"/>
	<SubTexture name="lava_top" x="975" y="325" width="64" height="64"/>
	<SubTexture name="lava_top_low" x="1040" y="325" width="64" height="64"/>
	<SubTexture name="lever" x="1105" y="325" width="64" height="64"/>
	<SubTexture name="lever_left" x="0" y="390" width="64" height="64"/>
	<SubTexture name="lever_right" x="65" y="390" width="64" height="64"/>
	<SubTexture name="lock_blue" x="130" y="390" width="64" height="64"/>
	<SubTexture name="lock_green" x="195" y="390" width="64" height="64"/>
	<SubTexture name="lock_red" x="260" y="390" width="64" height="64"/>
	<SubTexture name="lock_yellow" x="325" y="390" width="64" height="64"/>
	<SubTexture name="mushroom_brown" x="390" y="390" width="64" height="64"/>
	<SubTexture name="mushroom_red" x="455" y="390" width="64" height="64"/>
	<SubTexture name="ramp" x="520" y="390" width="64" height="64"/>
	<SubTexture name="rock" x="585" y="390" width="64" height="64"/>
	<SubTexture name="rop_attached" x="650" y="390" width="64" height="64"/>
	<SubTexture name="rope" x="715" y="390" width="64" height="64"/>
	<SubTexture name="saw" x="780" y="390" width="64" height="64"/>
	<SubTexture name="sign" x="845" y="390" width="64" height="64"/>
	<SubTexture name="sign_exit" x="910" y="390" width="64" height="64"/>
	<SubTexture name="sign_left" x="975" y="390" width="64" height="64"/>
	<SubTexture name="sign_right" x="1040" y="390" width="64" height="64"/>
	<SubTexture name="snow" x="1105" y="390" width="64" height="64"/>
	<SubTexture name="spikes" x="0" y="455" width="64" height="64"/>
	<SubTexture name="spring" x="65" y="455" width="64" height="64"/>
	<SubTexture name="spring_out" x="130" y="455" width="64" height="64"/>
	<SubTexture name="star" x="195" y="455" width="64" height="64"/>
	<SubTexture name="switch_blue" x="260" y="455" width="64" height="64"/>
	<SubTexture name="switch_blue_pressed" x="325" y="455" width="64" height="64"/>
	<SubTexture name="switch_green" x="390" y="455" width="64" height="64"/>
	<SubTexture name="switch_green_pressed" x="455" y="455" width="64" height="64"/>
	<SubTexture name="switch_red" x="520" y="455" width="64" height="64"/>
	<SubTexture name="switch_red_pressed" x="585" y="455" width="64" height="64"/>
	<SubTexture name="switch_yellow" x="650" y="455" width="64" height="64"/>
	<SubTexture name="switch_yellow_pressed" x="715" y="455" width="64" height="64"/>
	<SubTexture name="terrain_dirt_block" x="780" y="455" width="64" height="64"/>
	<SubTexture name="terrain_dirt_block_bottom" x="845" y="455" width="64" height="64"/>
	<SubTexture name="terrain_dirt_block_bottom_left" x="910" y="455" width="64" height="64"/>
	<SubTexture name="terrain_dirt_block_bottom_right" x="975" y="455" width="64" height="64"/>
	<SubTexture name="terrain_dirt_block_center" x="1040" y="455" width="64" height="64"/>
	<SubTexture name="terrain_dirt_block_left" x="1105" y="455" width="64" height="64"/>
	<SubTexture name="terrain_dirt_block_right" x="0" y="520" width="64" height="64"/>
	<SubTexture name="terrain_dirt_block_top" x="65" y="520" width="64" height="64"/>
	<SubTexture name="terrain_dirt_block_top_left" x="130" y="520" width="64" height="64"/>
	<SubTexture name="terrain_dirt_block_top_right" x="195" y="520" width="64" height="64"/>
	<SubTexture name="terrain_dirt_cloud" x="260" y="520" width="64" height="64"/>
	<SubTexture name="terrain_dirt_cloud_background" x="325" y="520" width="64" height="64"/>
	<SubTexture name="terrain_dirt_cloud_left" x="390" y="520" width="64" height="64"/>
	<SubTexture name="terrain_dirt_cloud_middle" x="455" y="520" width="64" height="64"/>
	<SubTexture name="terrain_dirt_cloud_right" x="520" y="520" width="64" height="64"/>
	<SubTexture name="terrain_dirt_horizontal_left" x="585" y="520" width="64" height="64"/>
	<SubTexture name="terrain_dirt_horizontal_middle" x="650" y="520" width="64" height="64"/>
	<SubTexture name="terrain_dirt_horizontal_overhang_left" x="715" y="520" width="64" height="64"/>
	<SubTexture name="terrain_dirt_horizontal_overhang_right" x="780" y="520" width="64" height="64"/>
	<SubTexture name="terrain_dirt_horizontal_right" x="845" y="520" width="64" height="64"/>
	<SubTexture name="terrain_dirt_ramp_long_a" x="910" y="520" width="64" height="64"/>
	<SubTexture name="terrain_dirt_ramp_long_b" x="975" y="520" width="64" height="64"/>
	<SubTexture name="terrain_dirt_ramp_long_c" x="1040" y="520" width="64" height="64"/>
	<SubTexture name="terrain_dirt_ramp_short_a" x="1105" y="520" width="64" height="64"/>
	<SubTexture name="terrain_dirt_ramp_short_b" x="0" y="585" width="64" height="64"/>
	<SubTexture name="terrain_dirt_vertical_bottom" x="65" y="585" width="64" height="64"/>
	<SubTexture name="terrain_dirt_vertical_middle" x="130" y="585" width="64" height="64"/>
	<SubTexture name="terrain_dirt_vertical_top" x="195" y="585" width="64" height="64"/>
	<SubTexture name="terrain_grass_block" x="260" y="585" width="64" height="64"/>
	<SubTexture name="terrain_grass_block_bottom" x="325" y="585" width="64" height="64"/>
	<SubTexture name="terrain_grass_block_bottom_left" x="390" y="585" width="64" height="64"/>
	<SubTexture name="terrain_grass_block_bottom_right" x="455" y="585" width="64" height="64"/>
	<SubTexture name="terrain_grass_block_center" x="520" y="585" width="64" height="64"/>
	<SubTexture name="terrain_grass_block_left" x="585" y="585" width="64" height="64"/>
	<SubTexture name="terrain_grass_block_right" x="650" y="585" width="64" height="64"/>
	<SubTexture name="terrain_grass_block_top" x="715" y="585" width="64" height="64"/>
	<SubTexture name="terrain_grass_block_top_left" x="780" y="585" width="64" height="64"/>
	<SubTexture name="terrain_grass_block_top_right" x="845" y="585" width="64" height="64"/>
	<SubTexture name="terrain_grass_cloud" x="910" y="585" width="64" height="64"/>
	<SubTexture name="terrain_grass_cloud_background" x="975" y="585" width="64" height="64"/>
	<SubTexture name="terrain_grass_cloud_left" x="1040" y="585" width="64" height="64"/>
	<SubTexture name="terrain_grass_cloud_middle" x="1105" y="585" width="64" height="64"/>
	<SubTexture name="terrain_grass_cloud_right" x="0" y="650" width="64" height="64"/>
	<SubTexture name="terrain_grass_horizontal_left" x="65" y="650" width="64" height="64"/>
	<SubTexture name="terrain_grass_horizontal_middle" x="130" y="650" width="64" height="64"/>
	<SubTexture name="terrain_grass_horizontal_overhang_left" x="195" y="650" width="64" height="64"/>
	<SubTexture name="terrain_grass_horizontal_overhang_right" x="260" y="650" width="64" height="64"/>
	<SubTexture name="terrain_grass_horizontal_right" x="325" y="650" width="64" height="64"/>
	<SubTexture name="terrain_grass_ramp_long_a" x="390" y="650" width="64" height="64"/>
	<SubTexture name="terrain_grass_ramp_long_b" x="455" y="650" width="64" height="64"/>
	<SubTexture name="terrain_grass_ramp_long_c" x="520" y="650" width="64" height="64"/>
	<SubTexture name="terrain_grass_ramp_short_a" x="585" y="650" width="64" height="64"/>
	<SubTexture name="terrain_grass_ramp_short_b" x="650" y="650" width="64" height="64"/>
	<SubTexture name="terrain_grass_vertical_bottom" x="715" y="650" width="64" height="64"/>
	<SubTexture name="terrain_grass_vertical_middle" x="780" y="650" width="64" height="64"/>
	<SubTexture name="terrain_grass_vertical_top" x="845" y="650" width="64" height="64"/>
	<SubTexture name="terrain_purple_block" x="910" y="650" width="64" height="64"/>
	<SubTexture name="terrain_purple_block_bottom" x="975" y="650" width="64" height="64"/>
	<SubTexture name="terrain_purple_block_bottom_left" x="1040" y="650" width="64" height="64"/>
	<SubTexture name="terrain_purple_block_bottom_right" x="1105" y="650" width="64" height="64"/>
	<SubTexture name="terrain_purple_block_center" x="0" y="715" width="64" height="64"/>
	<SubTexture name="terrain_purple_block_left" x="65" y="715" width="64" height="64"/>
	<SubTexture name="terrain_purple_block_right" x="130" y="715" width="64" height="64"/>
	<SubTexture name="terrain_purple_block_top" x="195" y="715" width="64" height="64"/>
	<SubTexture name="terrain_purple_block_top_left" x="260" y="715" width="64" height="64"/>
	<SubTexture name="terrain_purple_block_top_right" x="325" y="715" width="64" height="64"/>
	<SubTexture name="terrain_purple_cloud" x="390" y="715" width="64" height="64"/>
	<SubTexture name="terrain_purple_cloud_background" x="455" y="715" width="64" height="64"/>
	<SubTexture name="terrain_purple_cloud_left" x="520" y="715" width="64" height="64"/>
	<SubTexture name="terrain_purple_cloud_middle" x="585" y="715" width="64" height="64"/>
	<SubTexture name="terrain_purple_cloud_right" x="650" y="715" width="64" height="64"/>
	<SubTexture name="terrain_purple_horizontal_left" x="715" y="715" width="64" height="64"/>
	<SubTexture name="terrain_purple_horizontal_middle" x="780" y="715" width="64" height="64"/>
	<SubTexture name="terrain_purple_horizontal_overhang_left" x="845" y="715" width="64" height="64"/>
	<SubTexture name="terrain_purple_horizontal_overhang_right" x="910" y="715" width="64" height="64"/>
	<SubTexture name="terrain_purple_horizontal_right" x="975" y="715" width="64" height="64"/>
	<SubTexture name="terrain_purple_ramp_long_a" x="1040" y="715" width="64" height="64"/>
	<SubTexture name="terrain_purple_ramp_long_b" x="1105" y="715" width="64" height="64"/>
	<SubTexture name="terrain_purple_ramp_long_c" x="0" y="780" width="64" height="64"/>
	<SubTexture name="terrain_purple_ramp_short_a" x="65" y="780" width="64" height="64"/>
	<SubTexture name="terrain_purple_ramp_short_b" x="130" y="780" width="64" height="64"/>
	<SubTexture name="terrain_purple_vertical_bottom" x="195" y="780" width="64" height="64"/>
	<SubTexture name="terrain_purple_vertical_middle" x="260" y="780" width="64" height="64"/>
	<SubTexture name="terrain_purple_vertical_top" x="325" y="780" width="64" height="64"/>
	<SubTexture name="terrain_sand_block" x="390" y="780" width="64" height="64"/>
	<SubTexture name="terrain_sand_block_bottom" x="455" y="780" width="64" height="64"/>
	<SubTexture name="terrain_sand_block_bottom_left" x="520" y="780" width="64" height="64"/>
	<SubTexture name="terrain_sand_block_bottom_right" x="585" y="780" width="64" height="64"/>
	<SubTexture name="terrain_sand_block_center" x="650" y="780" width="64" height="64"/>
	<SubTexture name="terrain_sand_block_left" x="715" y="780" width="64" height="64"/>
	<SubTexture name="terrain_sand_block_right" x="780" y="780" width="64" height="64"/>
	<SubTexture name="terrain_sand_block_top" x="845" y="780" width="64" height="64"/>
	<SubTexture name="terrain_sand_block_top_left" x="910" y="780" width="64" height="64"/>
	<SubTexture name="terrain_sand_block_top_right" x="975" y="780" width="64" height="64"/>
	<SubTexture name="terrain_sand_cloud" x="1040" y="780" width="64" height="64"/>
	<SubTexture name="terrain_sand_cloud_background" x="1105" y="780" width="64" height="64"/>
	<SubTexture name="terrain_sand_cloud_left" x="0" y="845" width="64" height="64"/>
	<SubTexture name="terrain_sand_cloud_middle" x="65" y="845" width="64" height="64"/>
	<SubTexture name="terrain_sand_cloud_right" x="130" y="845" width="64" height="64"/>
	<SubTexture name="terrain_sand_horizontal_left" x="195" y="845" width="64" height="64"/>
	<SubTexture name="terrain_sand_horizontal_middle" x="260" y="845" width="64" height="64"/>
	<SubTexture name="terrain_sand_horizontal_overhang_left" x="325" y="845" width="64" height="64"/>
	<SubTexture name="terrain_sand_horizontal_overhang_right" x="390" y="845" width="64" height="64"/>
	<SubTexture name="terrain_sand_horizontal_right" x="455" y="845" width="64" height="64"/>
	<SubTexture name="terrain_sand_ramp_long_a" x="520" y="845" width="64" height="64"/>
	<SubTexture name="terrain_sand_ramp_long_b" x="585" y="845" width="64" height="64"/>
	<SubTexture name="terrain_sand_ramp_long_c" x="650" y="845" width="64" height="64"/>
	<SubTexture name="terrain_sand_ramp_short_a" x="715" y="845" width="64" height="64"/>
	<SubTexture name="terrain_sand_ramp_short_b" x="780" y="845" width="64" height="64"/>
	<SubTexture name="terrain_sand_vertical_bottom" x="845" y="845" width="64" height="64"/>
	<SubTexture name="terrain_sand_vertical_middle" x="910" y="845" width="64" height="64"/>
	<SubTexture name="terrain_sand_vertical_top" x="975" y="845" width="64" height="64"/>
	<SubTexture name="terrain_snow_block" x="1040" y="845" width="64" height="64"/>
	<SubTexture name="terrain_snow_block_bottom" x="1105" y="845" width="64" height="64"/>
	<SubTexture name="terrain_snow_block_bottom_left" x="0" y="910" width="64" height="64"/>
	<SubTexture name="terrain_snow_block_bottom_right" x="65" y="910" width="64" height="64"/>
	<SubTexture name="terrain_snow_block_center" x="130" y="910" width="64" height="64"/>
	<SubTexture name="terrain_snow_block_left" x="195" y="910" width="64" height="64"/>
	<SubTexture name="terrain_snow_block_right" x="260" y="910" width="64" height="64"/>
	<SubTexture name="terrain_snow_block_top" x="325" y="910" width="64" height="64"/>
	<SubTexture name="terrain_snow_block_top_left" x="390" y="910" width="64" height="64"/>
	<SubTexture name="terrain_snow_block_top_right" x="455" y="910" width="64" height="64"/>
	<SubTexture name="terrain_snow_cloud" x="520" y="910" width="64" height="64"/>
	<SubTexture name="terrain_snow_cloud_background" x="585" y="910" width="64" height="64"/>
	<SubTexture name="terrain_snow_cloud_left" x="650" y="910" width="64" height="64"/>
	<SubTexture name="terrain_snow_cloud_middle" x="715" y="910" width="64" height="64"/>
	<SubTexture name="terrain_snow_cloud_right" x="780" y="910" width="64" height="64"/>
	<SubTexture name="terrain_snow_horizontal_left" x="845" y="910" width="64" height="64"/>
	<SubTexture name="terrain_snow_horizontal_middle" x="910" y="910" width="64" height="64"/>
	<SubTexture name="terrain_snow_horizontal_overhang_left" x="975" y="910" width="64" height="64"/>
	<SubTexture name="terrain_snow_horizontal_overhang_right" x="1040" y="910" width="64" height="64"/>
	<SubTexture name="terrain_snow_horizontal_right" x="1105" y="910" width="64" height="64"/>
	<SubTexture name="terrain_snow_ramp_long_a" x="0" y="975" width="64" height="64"/>
	<SubTexture name="terrain_snow_ramp_long_b" x="65" y="975" width="64" height="64"/>
	<SubTexture name="terrain_snow_ramp_long_c" x="130" y="975" width="64" height="64"/>
	<SubTexture name="terrain_snow_ramp_short_a" x="195" y="975" width="64" height="64"/>
	<SubTexture name="terrain_snow_ramp_short_b" x="260" y="975" width="64" height="64"/>
	<SubTexture name="terrain_snow_vertical_bottom" x="325" y="975" width="64" height="64"/>
	<SubTexture name="terrain_snow_vertical_middle" x="390" y="975" width="64" height="64"/>
	<SubTexture name="terrain_snow_vertical_top" x="455" y="975" width="64" height="64"/>
	<SubTexture name="terrain_stone_block" x="520" y="975" width="64" height="64"/>
	<SubTexture name="terrain_stone_block_bottom" x="585" y="975" width="64" height="64"/>
	<SubTexture name="terrain_stone_block_bottom_left" x="650" y="975" width="64" height="64"/>
	<SubTexture name="terrain_stone_block_bottom_right" x="715" y="975" width="64" height="64"/>
	<SubTexture name="terrain_stone_block_center" x="780" y="975" width="64" height="64"/>
	<SubTexture name="terrain_stone_block_left" x="845" y="975" width="64" height="64"/>
	<SubTexture name="terrain_stone_block_right" x="910" y="975" width="64" height="64"/>
	<SubTexture name="terrain_stone_block_top" x="975" y="975" width="64" height="64"/>
	<SubTexture name="terrain_stone_block_top_left" x="1040" y="975" width="64" height="64"/>
	<SubTexture name="terrain_stone_block_top_right" x="1105" y="975" width="64" height="64"/>
	<SubTexture name="terrain_stone_cloud" x="0" y="1040" width="64" height="64"/>
	<SubTexture name="terrain_stone_cloud_background" x="65" y="1040" width="64" height="64"/>
	<SubTexture name="terrain_stone_cloud_left" x="130" y="1040" width="64" height="64"/>
	<SubTexture name="terrain_stone_cloud_middle" x="195" y="1040" width="64" height="64"/>
	<SubTexture name="terrain_stone_cloud_right" x="260" y="1040" width="64" height="64"/>
	<SubTexture name="terrain_stone_horizontal_left" x="325" y="1040" width="64" height="64"/>
	<SubTexture name="terrain_stone_horizontal_middle" x="390" y="1040" width="64" height="64"/>
	<SubTexture name="terrain_stone_horizontal_overhang_left" x="455" y="1040" width="64" height="64"/>
	<SubTexture name="terrain_stone_horizontal_overhang_right" x="520" y="1040" width="64" height="64"/>
	<SubTexture name="terrain_stone_horizontal_right" x="585" y="1040" width="64" height="64"/>
	<SubTexture name="terrain_stone_ramp_long_a" x="650" y="1040" width="64" height="64"/>
	<SubTexture name="terrain_stone_ramp_long_b" x="715" y="1040" width="64" height="64"/>
	<SubTexture name="terrain_stone_ramp_long_c" x="780" y="1040" width="64" height="64"/>
	<SubTexture name="terrain_stone_ramp_short_a" x="845" y="1040" width="64" height="64"/>
	<SubTexture name="terrain_stone_ramp_short_b" x="910" y="1040" width="64" height="64"/>
	<SubTexture name="terrain_stone_vertical_bottom" x="975" y="1040" width="64" height="64"/>
	<SubTexture name="terrain_stone_vertical_middle" x="1040" y="1040" width="64" height="64"/>
	<SubTexture name="terrain_stone_vertical_top" x="1105" y="1040" width="64" height="64"/>
	<SubTexture name="torch_off" x="0" y="1105" width="64" height="64"/>
	<SubTexture name="torch_on_a" x="65" y="1105" width="64" height="64"/>
	<SubTexture name="torch_on_b" x="130" y="1105" width="64" height="64"/>
	<SubTexture name="water" x="195" y="1105" width="64" height="64"/>
	<SubTexture name="water_top" x="260" y="1105" width="64" height="64"/>
	<SubTexture name="water_top_low" x="325" y="1105" width="64" height="64"/>
	<SubTexture name="weight" x="390" y="1105" width="64" height="64"/>
	<SubTexture name="window" x="455" y="1105" width="64" height="64"/>
</TextureAtlas>
