<TextureAtlas imagePath="nintendo-wiiu_sheet_default.png">
  <SubTexture name="controller_wiiu_pro" x="0" y="0" width="64" height="64" />
  <SubTexture name="wiiu_button_1" x="64" y="0" width="64" height="64" />
  <SubTexture name="wiiu_button_1_outline" x="128" y="0" width="64" height="64" />
  <SubTexture name="wiiu_button_2" x="192" y="0" width="64" height="64" />
  <SubTexture name="wiiu_button_2_outline" x="256" y="0" width="64" height="64" />
  <SubTexture name="wiiu_button_a" x="320" y="0" width="64" height="64" />
  <SubTexture name="wiiu_button_a_outline" x="384" y="0" width="64" height="64" />
  <SubTexture name="wiiu_button_b" x="448" y="0" width="64" height="64" />
  <SubTexture name="wiiu_button_b_outline" x="512" y="0" width="64" height="64" />
  <SubTexture name="wiiu_button_home" x="0" y="64" width="64" height="64" />
  <SubTexture name="wiiu_button_home_outline" x="64" y="64" width="64" height="64" />
  <SubTexture name="wiiu_button_l" x="128" y="64" width="64" height="64" />
  <SubTexture name="wiiu_button_l_outline" x="192" y="64" width="64" height="64" />
  <SubTexture name="wiiu_button_minus" x="256" y="64" width="64" height="64" />
  <SubTexture name="wiiu_button_minus_outline" x="320" y="64" width="64" height="64" />
  <SubTexture name="wiiu_button_plus" x="384" y="64" width="64" height="64" />
  <SubTexture name="wiiu_button_plus_outline" x="448" y="64" width="64" height="64" />
  <SubTexture name="wiiu_button_power" x="512" y="64" width="64" height="64" />
  <SubTexture name="wiiu_button_power_outline" x="0" y="128" width="64" height="64" />
  <SubTexture name="wiiu_button_r" x="64" y="128" width="64" height="64" />
  <SubTexture name="wiiu_button_r_outline" x="128" y="128" width="64" height="64" />
  <SubTexture name="wiiu_button_tv" x="192" y="128" width="64" height="64" />
  <SubTexture name="wiiu_button_tv_outline" x="256" y="128" width="64" height="64" />
  <SubTexture name="wiiu_button_x" x="320" y="128" width="64" height="64" />
  <SubTexture name="wiiu_button_x_outline" x="384" y="128" width="64" height="64" />
  <SubTexture name="wiiu_button_y" x="448" y="128" width="64" height="64" />
  <SubTexture name="wiiu_button_y_outline" x="512" y="128" width="64" height="64" />
  <SubTexture name="wiiu_button_zl" x="0" y="192" width="64" height="64" />
  <SubTexture name="wiiu_button_zl_outline" x="64" y="192" width="64" height="64" />
  <SubTexture name="wiiu_button_zr" x="128" y="192" width="64" height="64" />
  <SubTexture name="wiiu_button_zr_outline" x="192" y="192" width="64" height="64" />
  <SubTexture name="wiiu_controller" x="256" y="192" width="64" height="64" />
  <SubTexture name="wiiu_controller_down" x="320" y="192" width="64" height="64" />
  <SubTexture name="wiiu_controller_down_outline" x="384" y="192" width="64" height="64" />
  <SubTexture name="wiiu_controller_outline" x="448" y="192" width="64" height="64" />
  <SubTexture name="wiiu_controller_up" x="512" y="192" width="64" height="64" />
  <SubTexture name="wiiu_controller_up_outlnie" x="0" y="256" width="64" height="64" />
  <SubTexture name="wiiu_dpad" x="64" y="256" width="64" height="64" />
  <SubTexture name="wiiu_dpad_all" x="128" y="256" width="64" height="64" />
  <SubTexture name="wiiu_dpad_down" x="192" y="256" width="64" height="64" />
  <SubTexture name="wiiu_dpad_down_outline" x="256" y="256" width="64" height="64" />
  <SubTexture name="wiiu_dpad_horizontal" x="320" y="256" width="64" height="64" />
  <SubTexture name="wiiu_dpad_horizontal_outline" x="384" y="256" width="64" height="64" />
  <SubTexture name="wiiu_dpad_left" x="448" y="256" width="64" height="64" />
  <SubTexture name="wiiu_dpad_left_outline" x="512" y="256" width="64" height="64" />
  <SubTexture name="wiiu_dpad_none" x="0" y="320" width="64" height="64" />
  <SubTexture name="wiiu_dpad_right" x="64" y="320" width="64" height="64" />
  <SubTexture name="wiiu_dpad_right_outline" x="128" y="320" width="64" height="64" />
  <SubTexture name="wiiu_dpad_up" x="192" y="320" width="64" height="64" />
  <SubTexture name="wiiu_dpad_up_outline" x="256" y="320" width="64" height="64" />
  <SubTexture name="wiiu_dpad_vertical" x="320" y="320" width="64" height="64" />
  <SubTexture name="wiiu_dpad_vertical_outline" x="384" y="320" width="64" height="64" />
  <SubTexture name="wiiu_stick_l" x="448" y="320" width="64" height="64" />
  <SubTexture name="wiiu_stick_l_down" x="512" y="320" width="64" height="64" />
  <SubTexture name="wiiu_stick_l_horizontal" x="0" y="384" width="64" height="64" />
  <SubTexture name="wiiu_stick_l_left" x="64" y="384" width="64" height="64" />
  <SubTexture name="wiiu_stick_l_right" x="128" y="384" width="64" height="64" />
  <SubTexture name="wiiu_stick_l_up" x="192" y="384" width="64" height="64" />
  <SubTexture name="wiiu_stick_l_vertical" x="256" y="384" width="64" height="64" />
  <SubTexture name="wiiu_stick_r" x="320" y="384" width="64" height="64" />
  <SubTexture name="wiiu_stick_r_down" x="384" y="384" width="64" height="64" />
  <SubTexture name="wiiu_stick_r_horizontal" x="448" y="384" width="64" height="64" />
  <SubTexture name="wiiu_stick_r_left" x="512" y="384" width="64" height="64" />
  <SubTexture name="wiiu_stick_r_right" x="0" y="448" width="64" height="64" />
  <SubTexture name="wiiu_stick_r_up" x="64" y="448" width="64" height="64" />
  <SubTexture name="wiiu_stick_r_vertical" x="128" y="448" width="64" height="64" />
  <SubTexture name="wiiu_stick_top_l" x="192" y="448" width="64" height="64" />
  <SubTexture name="wiiu_stick_top_r" x="256" y="448" width="64" height="64" />
</TextureAtlas>