<TextureAtlas imagePath="keyboard-&amp;-mouse_sheet_double.png">
  <SubTexture name="keyboard" x="0" y="0" width="128" height="128" />
  <SubTexture name="keyboard_0" x="128" y="0" width="128" height="128" />
  <SubTexture name="keyboard_0_outline" x="256" y="0" width="128" height="128" />
  <SubTexture name="keyboard_1" x="384" y="0" width="128" height="128" />
  <SubTexture name="keyboard_1_outline" x="512" y="0" width="128" height="128" />
  <SubTexture name="keyboard_2" x="640" y="0" width="128" height="128" />
  <SubTexture name="keyboard_2_outline" x="768" y="0" width="128" height="128" />
  <SubTexture name="keyboard_3" x="896" y="0" width="128" height="128" />
  <SubTexture name="keyboard_3_outline" x="1024" y="0" width="128" height="128" />
  <SubTexture name="keyboard_4" x="1152" y="0" width="128" height="128" />
  <SubTexture name="keyboard_4_outline" x="1280" y="0" width="128" height="128" />
  <SubTexture name="keyboard_5" x="1408" y="0" width="128" height="128" />
  <SubTexture name="keyboard_5_outline" x="1536" y="0" width="128" height="128" />
  <SubTexture name="keyboard_6" x="1664" y="0" width="128" height="128" />
  <SubTexture name="keyboard_6_outline" x="1792" y="0" width="128" height="128" />
  <SubTexture name="keyboard_7" x="1920" y="0" width="128" height="128" />
  <SubTexture name="keyboard_7_outline" x="0" y="128" width="128" height="128" />
  <SubTexture name="keyboard_8" x="128" y="128" width="128" height="128" />
  <SubTexture name="keyboard_8_outline" x="256" y="128" width="128" height="128" />
  <SubTexture name="keyboard_9" x="384" y="128" width="128" height="128" />
  <SubTexture name="keyboard_9_outline" x="512" y="128" width="128" height="128" />
  <SubTexture name="keyboard_a" x="640" y="128" width="128" height="128" />
  <SubTexture name="keyboard_a_outline" x="768" y="128" width="128" height="128" />
  <SubTexture name="keyboard_alt" x="896" y="128" width="128" height="128" />
  <SubTexture name="keyboard_alt_outline" x="1024" y="128" width="128" height="128" />
  <SubTexture name="keyboard_any" x="1152" y="128" width="128" height="128" />
  <SubTexture name="keyboard_any_outline" x="1280" y="128" width="128" height="128" />
  <SubTexture name="keyboard_apostrophe" x="1408" y="128" width="128" height="128" />
  <SubTexture name="keyboard_apostrophe_outline" x="1536" y="128" width="128" height="128" />
  <SubTexture name="keyboard_arrow_down" x="1664" y="128" width="128" height="128" />
  <SubTexture name="keyboard_arrow_down_outline" x="1792" y="128" width="128" height="128" />
  <SubTexture name="keyboard_arrow_left" x="1920" y="128" width="128" height="128" />
  <SubTexture name="keyboard_arrow_left_outline" x="0" y="256" width="128" height="128" />
  <SubTexture name="keyboard_arrow_right" x="128" y="256" width="128" height="128" />
  <SubTexture name="keyboard_arrow_right_outline" x="256" y="256" width="128" height="128" />
  <SubTexture name="keyboard_arrow_up" x="384" y="256" width="128" height="128" />
  <SubTexture name="keyboard_arrow_up_outline" x="512" y="256" width="128" height="128" />
  <SubTexture name="keyboard_arrows" x="640" y="256" width="128" height="128" />
  <SubTexture name="keyboard_arrows_all" x="768" y="256" width="128" height="128" />
  <SubTexture name="keyboard_arrows_down" x="896" y="256" width="128" height="128" />
  <SubTexture name="keyboard_arrows_down_outline" x="1024" y="256" width="128" height="128" />
  <SubTexture name="keyboard_arrows_horizontal" x="1152" y="256" width="128" height="128" />
  <SubTexture name="keyboard_arrows_horizontal_outline" x="1280" y="256" width="128" height="128" />
  <SubTexture name="keyboard_arrows_left" x="1408" y="256" width="128" height="128" />
  <SubTexture name="keyboard_arrows_left_outline" x="1536" y="256" width="128" height="128" />
  <SubTexture name="keyboard_arrows_none" x="1664" y="256" width="128" height="128" />
  <SubTexture name="keyboard_arrows_right" x="1792" y="256" width="128" height="128" />
  <SubTexture name="keyboard_arrows_right_outline" x="1920" y="256" width="128" height="128" />
  <SubTexture name="keyboard_arrows_up" x="0" y="384" width="128" height="128" />
  <SubTexture name="keyboard_arrows_up_outline" x="128" y="384" width="128" height="128" />
  <SubTexture name="keyboard_arrows_vertical" x="256" y="384" width="128" height="128" />
  <SubTexture name="keyboard_arrows_vertical_outline" x="384" y="384" width="128" height="128" />
  <SubTexture name="keyboard_asterisk" x="512" y="384" width="128" height="128" />
  <SubTexture name="keyboard_asterisk_outline" x="640" y="384" width="128" height="128" />
  <SubTexture name="keyboard_b" x="768" y="384" width="128" height="128" />
  <SubTexture name="keyboard_b_outline" x="896" y="384" width="128" height="128" />
  <SubTexture name="keyboard_backspace" x="1024" y="384" width="128" height="128" />
  <SubTexture name="keyboard_backspace_icon" x="1152" y="384" width="128" height="128" />
  <SubTexture name="keyboard_backspace_icon_alternative" x="1280" y="384" width="128" height="128" />
  <SubTexture name="keyboard_backspace_icon_alternative_outline" x="1408" y="384" width="128" height="128" />
  <SubTexture name="keyboard_backspace_icon_outline" x="1536" y="384" width="128" height="128" />
  <SubTexture name="keyboard_backspace_outline" x="1664" y="384" width="128" height="128" />
  <SubTexture name="keyboard_bracket_close" x="1792" y="384" width="128" height="128" />
  <SubTexture name="keyboard_bracket_close_outline" x="1920" y="384" width="128" height="128" />
  <SubTexture name="keyboard_bracket_greater" x="0" y="512" width="128" height="128" />
  <SubTexture name="keyboard_bracket_greater_outline" x="128" y="512" width="128" height="128" />
  <SubTexture name="keyboard_bracket_less" x="256" y="512" width="128" height="128" />
  <SubTexture name="keyboard_bracket_less_outline" x="384" y="512" width="128" height="128" />
  <SubTexture name="keyboard_bracket_open" x="512" y="512" width="128" height="128" />
  <SubTexture name="keyboard_bracket_open_outline" x="640" y="512" width="128" height="128" />
  <SubTexture name="keyboard_c" x="768" y="512" width="128" height="128" />
  <SubTexture name="keyboard_c_outline" x="896" y="512" width="128" height="128" />
  <SubTexture name="keyboard_capslock" x="1024" y="512" width="128" height="128" />
  <SubTexture name="keyboard_capslock_icon" x="1152" y="512" width="128" height="128" />
  <SubTexture name="keyboard_capslock_icon_outline" x="1280" y="512" width="128" height="128" />
  <SubTexture name="keyboard_capslock_outline" x="1408" y="512" width="128" height="128" />
  <SubTexture name="keyboard_caret" x="1536" y="512" width="128" height="128" />
  <SubTexture name="keyboard_caret_outline" x="1664" y="512" width="128" height="128" />
  <SubTexture name="keyboard_colon" x="1792" y="512" width="128" height="128" />
  <SubTexture name="keyboard_colon_outline" x="1920" y="512" width="128" height="128" />
  <SubTexture name="keyboard_comma" x="0" y="640" width="128" height="128" />
  <SubTexture name="keyboard_comma_outline" x="128" y="640" width="128" height="128" />
  <SubTexture name="keyboard_command" x="256" y="640" width="128" height="128" />
  <SubTexture name="keyboard_command_outline" x="384" y="640" width="128" height="128" />
  <SubTexture name="keyboard_ctrl" x="512" y="640" width="128" height="128" />
  <SubTexture name="keyboard_ctrl_outline" x="640" y="640" width="128" height="128" />
  <SubTexture name="keyboard_d" x="768" y="640" width="128" height="128" />
  <SubTexture name="keyboard_d_outline" x="896" y="640" width="128" height="128" />
  <SubTexture name="keyboard_delete" x="1024" y="640" width="128" height="128" />
  <SubTexture name="keyboard_delete_outline" x="1152" y="640" width="128" height="128" />
  <SubTexture name="keyboard_e" x="1280" y="640" width="128" height="128" />
  <SubTexture name="keyboard_e_outline" x="1408" y="640" width="128" height="128" />
  <SubTexture name="keyboard_end" x="1536" y="640" width="128" height="128" />
  <SubTexture name="keyboard_end_outline" x="1664" y="640" width="128" height="128" />
  <SubTexture name="keyboard_enter" x="1792" y="640" width="128" height="128" />
  <SubTexture name="keyboard_enter_outline" x="1920" y="640" width="128" height="128" />
  <SubTexture name="keyboard_equals" x="0" y="768" width="128" height="128" />
  <SubTexture name="keyboard_equals_outline" x="128" y="768" width="128" height="128" />
  <SubTexture name="keyboard_escape" x="256" y="768" width="128" height="128" />
  <SubTexture name="keyboard_escape_outline" x="384" y="768" width="128" height="128" />
  <SubTexture name="keyboard_exclamation" x="512" y="768" width="128" height="128" />
  <SubTexture name="keyboard_exclamation_outline" x="640" y="768" width="128" height="128" />
  <SubTexture name="keyboard_f" x="768" y="768" width="128" height="128" />
  <SubTexture name="keyboard_f_outline" x="896" y="768" width="128" height="128" />
  <SubTexture name="keyboard_f1" x="1024" y="768" width="128" height="128" />
  <SubTexture name="keyboard_f1_outline" x="1152" y="768" width="128" height="128" />
  <SubTexture name="keyboard_f10" x="1280" y="768" width="128" height="128" />
  <SubTexture name="keyboard_f10_outline" x="1408" y="768" width="128" height="128" />
  <SubTexture name="keyboard_f11" x="1536" y="768" width="128" height="128" />
  <SubTexture name="keyboard_f11_outline" x="1664" y="768" width="128" height="128" />
  <SubTexture name="keyboard_f12" x="1792" y="768" width="128" height="128" />
  <SubTexture name="keyboard_f12_outline" x="1920" y="768" width="128" height="128" />
  <SubTexture name="keyboard_f2" x="0" y="896" width="128" height="128" />
  <SubTexture name="keyboard_f2_outline" x="128" y="896" width="128" height="128" />
  <SubTexture name="keyboard_f3" x="256" y="896" width="128" height="128" />
  <SubTexture name="keyboard_f3_outline" x="384" y="896" width="128" height="128" />
  <SubTexture name="keyboard_f4" x="512" y="896" width="128" height="128" />
  <SubTexture name="keyboard_f4_outline" x="640" y="896" width="128" height="128" />
  <SubTexture name="keyboard_f5" x="768" y="896" width="128" height="128" />
  <SubTexture name="keyboard_f5_outline" x="896" y="896" width="128" height="128" />
  <SubTexture name="keyboard_f6" x="1024" y="896" width="128" height="128" />
  <SubTexture name="keyboard_f6_outline" x="1152" y="896" width="128" height="128" />
  <SubTexture name="keyboard_f7" x="1280" y="896" width="128" height="128" />
  <SubTexture name="keyboard_f7_outline" x="1408" y="896" width="128" height="128" />
  <SubTexture name="keyboard_f8" x="1536" y="896" width="128" height="128" />
  <SubTexture name="keyboard_f8_outline" x="1664" y="896" width="128" height="128" />
  <SubTexture name="keyboard_f9" x="1792" y="896" width="128" height="128" />
  <SubTexture name="keyboard_f9_outline" x="1920" y="896" width="128" height="128" />
  <SubTexture name="keyboard_function" x="0" y="1024" width="128" height="128" />
  <SubTexture name="keyboard_function_outline" x="128" y="1024" width="128" height="128" />
  <SubTexture name="keyboard_g" x="256" y="1024" width="128" height="128" />
  <SubTexture name="keyboard_g_outline" x="384" y="1024" width="128" height="128" />
  <SubTexture name="keyboard_h" x="512" y="1024" width="128" height="128" />
  <SubTexture name="keyboard_h_outline" x="640" y="1024" width="128" height="128" />
  <SubTexture name="keyboard_home" x="768" y="1024" width="128" height="128" />
  <SubTexture name="keyboard_home_outline" x="896" y="1024" width="128" height="128" />
  <SubTexture name="keyboard_i" x="1024" y="1024" width="128" height="128" />
  <SubTexture name="keyboard_i_outline" x="1152" y="1024" width="128" height="128" />
  <SubTexture name="keyboard_insert" x="1280" y="1024" width="128" height="128" />
  <SubTexture name="keyboard_insert_outline" x="1408" y="1024" width="128" height="128" />
  <SubTexture name="keyboard_j" x="1536" y="1024" width="128" height="128" />
  <SubTexture name="keyboard_j_outline" x="1664" y="1024" width="128" height="128" />
  <SubTexture name="keyboard_k" x="1792" y="1024" width="128" height="128" />
  <SubTexture name="keyboard_k_outline" x="1920" y="1024" width="128" height="128" />
  <SubTexture name="keyboard_l" x="0" y="1152" width="128" height="128" />
  <SubTexture name="keyboard_l_outline" x="128" y="1152" width="128" height="128" />
  <SubTexture name="keyboard_m" x="256" y="1152" width="128" height="128" />
  <SubTexture name="keyboard_m_outline" x="384" y="1152" width="128" height="128" />
  <SubTexture name="keyboard_minus" x="512" y="1152" width="128" height="128" />
  <SubTexture name="keyboard_minus_outline" x="640" y="1152" width="128" height="128" />
  <SubTexture name="keyboard_n" x="768" y="1152" width="128" height="128" />
  <SubTexture name="keyboard_n_outline" x="896" y="1152" width="128" height="128" />
  <SubTexture name="keyboard_numlock" x="1024" y="1152" width="128" height="128" />
  <SubTexture name="keyboard_numlock_outline" x="1152" y="1152" width="128" height="128" />
  <SubTexture name="keyboard_numpad_enter" x="1280" y="1152" width="128" height="128" />
  <SubTexture name="keyboard_numpad_enter_outline" x="1408" y="1152" width="128" height="128" />
  <SubTexture name="keyboard_numpad_plus" x="1536" y="1152" width="128" height="128" />
  <SubTexture name="keyboard_numpad_plus_outline" x="1664" y="1152" width="128" height="128" />
  <SubTexture name="keyboard_o" x="1792" y="1152" width="128" height="128" />
  <SubTexture name="keyboard_o_outline" x="1920" y="1152" width="128" height="128" />
  <SubTexture name="keyboard_option" x="0" y="1280" width="128" height="128" />
  <SubTexture name="keyboard_option_outline" x="128" y="1280" width="128" height="128" />
  <SubTexture name="keyboard_outline" x="256" y="1280" width="128" height="128" />
  <SubTexture name="keyboard_p" x="384" y="1280" width="128" height="128" />
  <SubTexture name="keyboard_p_outline" x="512" y="1280" width="128" height="128" />
  <SubTexture name="keyboard_page_down" x="640" y="1280" width="128" height="128" />
  <SubTexture name="keyboard_page_down_outline" x="768" y="1280" width="128" height="128" />
  <SubTexture name="keyboard_page_up" x="896" y="1280" width="128" height="128" />
  <SubTexture name="keyboard_page_up_outline" x="1024" y="1280" width="128" height="128" />
  <SubTexture name="keyboard_period" x="1152" y="1280" width="128" height="128" />
  <SubTexture name="keyboard_period_outline" x="1280" y="1280" width="128" height="128" />
  <SubTexture name="keyboard_plus" x="1408" y="1280" width="128" height="128" />
  <SubTexture name="keyboard_plus_outline" x="1536" y="1280" width="128" height="128" />
  <SubTexture name="keyboard_printscreen" x="1664" y="1280" width="128" height="128" />
  <SubTexture name="keyboard_printscreen_outline" x="1792" y="1280" width="128" height="128" />
  <SubTexture name="keyboard_q" x="1920" y="1280" width="128" height="128" />
  <SubTexture name="keyboard_q_outline" x="0" y="1408" width="128" height="128" />
  <SubTexture name="keyboard_question" x="128" y="1408" width="128" height="128" />
  <SubTexture name="keyboard_question_outline" x="256" y="1408" width="128" height="128" />
  <SubTexture name="keyboard_quote" x="384" y="1408" width="128" height="128" />
  <SubTexture name="keyboard_quote_outline" x="512" y="1408" width="128" height="128" />
  <SubTexture name="keyboard_r" x="640" y="1408" width="128" height="128" />
  <SubTexture name="keyboard_r_outline" x="768" y="1408" width="128" height="128" />
  <SubTexture name="keyboard_return" x="896" y="1408" width="128" height="128" />
  <SubTexture name="keyboard_return_outline" x="1024" y="1408" width="128" height="128" />
  <SubTexture name="keyboard_s" x="1152" y="1408" width="128" height="128" />
  <SubTexture name="keyboard_s_outline" x="1280" y="1408" width="128" height="128" />
  <SubTexture name="keyboard_semicolon" x="1408" y="1408" width="128" height="128" />
  <SubTexture name="keyboard_semicolon_outline" x="1536" y="1408" width="128" height="128" />
  <SubTexture name="keyboard_shift" x="1664" y="1408" width="128" height="128" />
  <SubTexture name="keyboard_shift_icon" x="1792" y="1408" width="128" height="128" />
  <SubTexture name="keyboard_shift_icon_outline" x="1920" y="1408" width="128" height="128" />
  <SubTexture name="keyboard_shift_outline" x="0" y="1536" width="128" height="128" />
  <SubTexture name="keyboard_slash_back" x="128" y="1536" width="128" height="128" />
  <SubTexture name="keyboard_slash_back_outline" x="256" y="1536" width="128" height="128" />
  <SubTexture name="keyboard_slash_forward" x="384" y="1536" width="128" height="128" />
  <SubTexture name="keyboard_slash_forward_outline" x="512" y="1536" width="128" height="128" />
  <SubTexture name="keyboard_space" x="640" y="1536" width="128" height="128" />
  <SubTexture name="keyboard_space_icon" x="768" y="1536" width="128" height="128" />
  <SubTexture name="keyboard_space_icon_outline" x="896" y="1536" width="128" height="128" />
  <SubTexture name="keyboard_space_outline" x="1024" y="1536" width="128" height="128" />
  <SubTexture name="keyboard_t" x="1152" y="1536" width="128" height="128" />
  <SubTexture name="keyboard_t_outline" x="1280" y="1536" width="128" height="128" />
  <SubTexture name="keyboard_tab" x="1408" y="1536" width="128" height="128" />
  <SubTexture name="keyboard_tab_icon" x="1536" y="1536" width="128" height="128" />
  <SubTexture name="keyboard_tab_icon_alternative" x="1664" y="1536" width="128" height="128" />
  <SubTexture name="keyboard_tab_icon_alternative_outline" x="1792" y="1536" width="128" height="128" />
  <SubTexture name="keyboard_tab_icon_outline" x="1920" y="1536" width="128" height="128" />
  <SubTexture name="keyboard_tab_outline" x="0" y="1664" width="128" height="128" />
  <SubTexture name="keyboard_tilde" x="128" y="1664" width="128" height="128" />
  <SubTexture name="keyboard_tilde_outline" x="256" y="1664" width="128" height="128" />
  <SubTexture name="keyboard_u" x="384" y="1664" width="128" height="128" />
  <SubTexture name="keyboard_u_outline" x="512" y="1664" width="128" height="128" />
  <SubTexture name="keyboard_v" x="640" y="1664" width="128" height="128" />
  <SubTexture name="keyboard_v_outline" x="768" y="1664" width="128" height="128" />
  <SubTexture name="keyboard_w" x="896" y="1664" width="128" height="128" />
  <SubTexture name="keyboard_w_outline" x="1024" y="1664" width="128" height="128" />
  <SubTexture name="keyboard_win" x="1152" y="1664" width="128" height="128" />
  <SubTexture name="keyboard_win_outline" x="1280" y="1664" width="128" height="128" />
  <SubTexture name="keyboard_x" x="1408" y="1664" width="128" height="128" />
  <SubTexture name="keyboard_x_outline" x="1536" y="1664" width="128" height="128" />
  <SubTexture name="keyboard_y" x="1664" y="1664" width="128" height="128" />
  <SubTexture name="keyboard_y_outline" x="1792" y="1664" width="128" height="128" />
  <SubTexture name="keyboard_z" x="1920" y="1664" width="128" height="128" />
  <SubTexture name="keyboard_z_outline" x="0" y="1792" width="128" height="128" />
  <SubTexture name="mouse" x="128" y="1792" width="128" height="128" />
  <SubTexture name="mouse_horizontal" x="256" y="1792" width="128" height="128" />
  <SubTexture name="mouse_left" x="384" y="1792" width="128" height="128" />
  <SubTexture name="mouse_left_outline" x="512" y="1792" width="128" height="128" />
  <SubTexture name="mouse_move" x="640" y="1792" width="128" height="128" />
  <SubTexture name="mouse_outline" x="768" y="1792" width="128" height="128" />
  <SubTexture name="mouse_right" x="896" y="1792" width="128" height="128" />
  <SubTexture name="mouse_right_outline" x="1024" y="1792" width="128" height="128" />
  <SubTexture name="mouse_scroll" x="1152" y="1792" width="128" height="128" />
  <SubTexture name="mouse_scroll_down" x="1280" y="1792" width="128" height="128" />
  <SubTexture name="mouse_scroll_down_outline" x="1408" y="1792" width="128" height="128" />
  <SubTexture name="mouse_scroll_outline" x="1536" y="1792" width="128" height="128" />
  <SubTexture name="mouse_scroll_up" x="1664" y="1792" width="128" height="128" />
  <SubTexture name="mouse_scroll_up_outline" x="1792" y="1792" width="128" height="128" />
  <SubTexture name="mouse_scroll_vertical" x="1920" y="1792" width="128" height="128" />
  <SubTexture name="mouse_scroll_vertical_outline" x="0" y="1920" width="128" height="128" />
  <SubTexture name="mouse_small" x="128" y="1920" width="128" height="128" />
  <SubTexture name="mouse_vertical" x="256" y="1920" width="128" height="128" />
</TextureAtlas>