<TextureAtlas imagePath="nintendo-switch_sheet_double.png">
  <SubTexture name="controller_switch" x="0" y="0" width="128" height="128" />
  <SubTexture name="controller_switch_joycon_down" x="128" y="0" width="128" height="128" />
  <SubTexture name="controller_switch_joycon_up" x="256" y="0" width="128" height="128" />
  <SubTexture name="controller_switch_pro" x="384" y="0" width="128" height="128" />
  <SubTexture name="switch_button_a" x="512" y="0" width="128" height="128" />
  <SubTexture name="switch_button_a_outline" x="640" y="0" width="128" height="128" />
  <SubTexture name="switch_button_b" x="768" y="0" width="128" height="128" />
  <SubTexture name="switch_button_b_outline" x="896" y="0" width="128" height="128" />
  <SubTexture name="switch_button_home" x="1024" y="0" width="128" height="128" />
  <SubTexture name="switch_button_home_outline" x="1152" y="0" width="128" height="128" />
  <SubTexture name="switch_button_l" x="1280" y="0" width="128" height="128" />
  <SubTexture name="switch_button_l_outline" x="0" y="128" width="128" height="128" />
  <SubTexture name="switch_button_minus" x="128" y="128" width="128" height="128" />
  <SubTexture name="switch_button_minus_outline" x="256" y="128" width="128" height="128" />
  <SubTexture name="switch_button_plus" x="384" y="128" width="128" height="128" />
  <SubTexture name="switch_button_plus_outline" x="512" y="128" width="128" height="128" />
  <SubTexture name="switch_button_r" x="640" y="128" width="128" height="128" />
  <SubTexture name="switch_button_r_outline" x="768" y="128" width="128" height="128" />
  <SubTexture name="switch_button_sl" x="896" y="128" width="128" height="128" />
  <SubTexture name="switch_button_sl_outline" x="1024" y="128" width="128" height="128" />
  <SubTexture name="switch_button_sr" x="1152" y="128" width="128" height="128" />
  <SubTexture name="switch_button_sr_outline" x="1280" y="128" width="128" height="128" />
  <SubTexture name="switch_button_sync" x="0" y="256" width="128" height="128" />
  <SubTexture name="switch_button_sync_outline" x="128" y="256" width="128" height="128" />
  <SubTexture name="switch_button_x" x="256" y="256" width="128" height="128" />
  <SubTexture name="switch_button_x_outline" x="384" y="256" width="128" height="128" />
  <SubTexture name="switch_button_y" x="512" y="256" width="128" height="128" />
  <SubTexture name="switch_button_y_outline" x="640" y="256" width="128" height="128" />
  <SubTexture name="switch_button_zl" x="768" y="256" width="128" height="128" />
  <SubTexture name="switch_button_zl_outline" x="896" y="256" width="128" height="128" />
  <SubTexture name="switch_button_zr" x="1024" y="256" width="128" height="128" />
  <SubTexture name="switch_button_zr_outline" x="1152" y="256" width="128" height="128" />
  <SubTexture name="switch_buttons" x="1280" y="256" width="128" height="128" />
  <SubTexture name="switch_buttons_all" x="0" y="384" width="128" height="128" />
  <SubTexture name="switch_buttons_down" x="128" y="384" width="128" height="128" />
  <SubTexture name="switch_buttons_down_outline" x="256" y="384" width="128" height="128" />
  <SubTexture name="switch_buttons_horizontal" x="384" y="384" width="128" height="128" />
  <SubTexture name="switch_buttons_horizontal_outline" x="512" y="384" width="128" height="128" />
  <SubTexture name="switch_buttons_left" x="640" y="384" width="128" height="128" />
  <SubTexture name="switch_buttons_left_outline" x="768" y="384" width="128" height="128" />
  <SubTexture name="switch_buttons_none" x="896" y="384" width="128" height="128" />
  <SubTexture name="switch_buttons_right" x="1024" y="384" width="128" height="128" />
  <SubTexture name="switch_buttons_right_outline" x="1152" y="384" width="128" height="128" />
  <SubTexture name="switch_buttons_up" x="1280" y="384" width="128" height="128" />
  <SubTexture name="switch_buttons_up_outline" x="0" y="512" width="128" height="128" />
  <SubTexture name="switch_buttons_vertical" x="128" y="512" width="128" height="128" />
  <SubTexture name="switch_buttons_vertical_outline" x="256" y="512" width="128" height="128" />
  <SubTexture name="switch_down" x="384" y="512" width="128" height="128" />
  <SubTexture name="switch_down_outline" x="512" y="512" width="128" height="128" />
  <SubTexture name="switch_dpad" x="640" y="512" width="128" height="128" />
  <SubTexture name="switch_dpad_all" x="768" y="512" width="128" height="128" />
  <SubTexture name="switch_dpad_down" x="896" y="512" width="128" height="128" />
  <SubTexture name="switch_dpad_down_outline" x="1024" y="512" width="128" height="128" />
  <SubTexture name="switch_dpad_horizontal" x="1152" y="512" width="128" height="128" />
  <SubTexture name="switch_dpad_horizontal_outline" x="1280" y="512" width="128" height="128" />
  <SubTexture name="switch_dpad_left" x="0" y="640" width="128" height="128" />
  <SubTexture name="switch_dpad_left_outline" x="128" y="640" width="128" height="128" />
  <SubTexture name="switch_dpad_none" x="256" y="640" width="128" height="128" />
  <SubTexture name="switch_dpad_right" x="384" y="640" width="128" height="128" />
  <SubTexture name="switch_dpad_right_outline" x="512" y="640" width="128" height="128" />
  <SubTexture name="switch_dpad_up" x="640" y="640" width="128" height="128" />
  <SubTexture name="switch_dpad_up_outline" x="768" y="640" width="128" height="128" />
  <SubTexture name="switch_dpad_vertical" x="896" y="640" width="128" height="128" />
  <SubTexture name="switch_dpad_vertical_outline" x="1024" y="640" width="128" height="128" />
  <SubTexture name="switch_joycon" x="1152" y="640" width="128" height="128" />
  <SubTexture name="switch_joycon_left" x="1280" y="640" width="128" height="128" />
  <SubTexture name="switch_joycon_left_diagonal" x="0" y="768" width="128" height="128" />
  <SubTexture name="switch_joycon_left_diagonal_outline" x="128" y="768" width="128" height="128" />
  <SubTexture name="switch_joycon_left_horizontal" x="256" y="768" width="128" height="128" />
  <SubTexture name="switch_joycon_left_horizontal_outline" x="384" y="768" width="128" height="128" />
  <SubTexture name="switch_joycon_left_outline" x="512" y="768" width="128" height="128" />
  <SubTexture name="switch_joycon_left_rotate" x="640" y="768" width="128" height="128" />
  <SubTexture name="switch_joycon_left_rotate_outline" x="768" y="768" width="128" height="128" />
  <SubTexture name="switch_joycon_left_vertical" x="896" y="768" width="128" height="128" />
  <SubTexture name="switch_joycon_left_vertical_outline" x="1024" y="768" width="128" height="128" />
  <SubTexture name="switch_joycon_outline" x="1152" y="768" width="128" height="128" />
  <SubTexture name="switch_joycon_right" x="1280" y="768" width="128" height="128" />
  <SubTexture name="switch_joycon_right_diagonal" x="0" y="896" width="128" height="128" />
  <SubTexture name="switch_joycon_right_diagonal_outline" x="128" y="896" width="128" height="128" />
  <SubTexture name="switch_joycon_right_horizontal" x="256" y="896" width="128" height="128" />
  <SubTexture name="switch_joycon_right_horizontal_outline" x="384" y="896" width="128" height="128" />
  <SubTexture name="switch_joycon_right_outline" x="512" y="896" width="128" height="128" />
  <SubTexture name="switch_joycon_right_rotate" x="640" y="896" width="128" height="128" />
  <SubTexture name="switch_joycon_right_rotate_outline" x="768" y="896" width="128" height="128" />
  <SubTexture name="switch_joycon_right_vertical" x="896" y="896" width="128" height="128" />
  <SubTexture name="switch_joycon_right_vertical_outline" x="1024" y="896" width="128" height="128" />
  <SubTexture name="switch_left" x="1152" y="896" width="128" height="128" />
  <SubTexture name="switch_left_outline" x="1280" y="896" width="128" height="128" />
  <SubTexture name="switch_right" x="0" y="1024" width="128" height="128" />
  <SubTexture name="switch_right_outline" x="128" y="1024" width="128" height="128" />
  <SubTexture name="switch_stick_l" x="256" y="1024" width="128" height="128" />
  <SubTexture name="switch_stick_l_down" x="384" y="1024" width="128" height="128" />
  <SubTexture name="switch_stick_l_horizontal" x="512" y="1024" width="128" height="128" />
  <SubTexture name="switch_stick_l_left" x="640" y="1024" width="128" height="128" />
  <SubTexture name="switch_stick_l_press" x="768" y="1024" width="128" height="128" />
  <SubTexture name="switch_stick_l_right" x="896" y="1024" width="128" height="128" />
  <SubTexture name="switch_stick_l_up" x="1024" y="1024" width="128" height="128" />
  <SubTexture name="switch_stick_l_vertical" x="1152" y="1024" width="128" height="128" />
  <SubTexture name="switch_stick_r" x="1280" y="1024" width="128" height="128" />
  <SubTexture name="switch_stick_r_down" x="0" y="1152" width="128" height="128" />
  <SubTexture name="switch_stick_r_horizontal" x="128" y="1152" width="128" height="128" />
  <SubTexture name="switch_stick_r_left" x="256" y="1152" width="128" height="128" />
  <SubTexture name="switch_stick_r_press" x="384" y="1152" width="128" height="128" />
  <SubTexture name="switch_stick_r_right" x="512" y="1152" width="128" height="128" />
  <SubTexture name="switch_stick_r_up" x="640" y="1152" width="128" height="128" />
  <SubTexture name="switch_stick_r_vertical" x="768" y="1152" width="128" height="128" />
  <SubTexture name="switch_stick_side_l" x="896" y="1152" width="128" height="128" />
  <SubTexture name="switch_stick_side_r" x="1024" y="1152" width="128" height="128" />
  <SubTexture name="switch_stick_top_l" x="1152" y="1152" width="128" height="128" />
  <SubTexture name="switch_stick_top_r" x="1280" y="1152" width="128" height="128" />
  <SubTexture name="switch_up" x="0" y="1280" width="128" height="128" />
  <SubTexture name="switch_up_outline" x="128" y="1280" width="128" height="128" />
</TextureAtlas>