<TextureAtlas imagePath="playstation-series_sheet_double.png">
  <SubTexture name="controller_playstation1" x="0" y="0" width="128" height="128" />
  <SubTexture name="controller_playstation2" x="128" y="0" width="128" height="128" />
  <SubTexture name="controller_playstation3" x="256" y="0" width="128" height="128" />
  <SubTexture name="controller_playstation4" x="384" y="0" width="128" height="128" />
  <SubTexture name="controller_playstation5" x="512" y="0" width="128" height="128" />
  <SubTexture name="playstation_button_analog" x="640" y="0" width="128" height="128" />
  <SubTexture name="playstation_button_analog_outline" x="768" y="0" width="128" height="128" />
  <SubTexture name="playstation_button_circle" x="896" y="0" width="128" height="128" />
  <SubTexture name="playstation_button_circle_outline" x="1024" y="0" width="128" height="128" />
  <SubTexture name="playstation_button_color_circle" x="1152" y="0" width="128" height="128" />
  <SubTexture name="playstation_button_color_circle_outline" x="1280" y="0" width="128" height="128" />
  <SubTexture name="playstation_button_color_cross" x="1408" y="0" width="128" height="128" />
  <SubTexture name="playstation_button_color_cross_outline" x="0" y="128" width="128" height="128" />
  <SubTexture name="playstation_button_color_square" x="128" y="128" width="128" height="128" />
  <SubTexture name="playstation_button_color_square_outline" x="256" y="128" width="128" height="128" />
  <SubTexture name="playstation_button_color_triangle" x="384" y="128" width="128" height="128" />
  <SubTexture name="playstation_button_color_triangle_outline" x="512" y="128" width="128" height="128" />
  <SubTexture name="playstation_button_cross" x="640" y="128" width="128" height="128" />
  <SubTexture name="playstation_button_cross_outline" x="768" y="128" width="128" height="128" />
  <SubTexture name="playstation_button_l3" x="896" y="128" width="128" height="128" />
  <SubTexture name="playstation_button_l3_outline" x="1024" y="128" width="128" height="128" />
  <SubTexture name="playstation_button_r3" x="1152" y="128" width="128" height="128" />
  <SubTexture name="playstation_button_r3_outline" x="1280" y="128" width="128" height="128" />
  <SubTexture name="playstation_button_square" x="1408" y="128" width="128" height="128" />
  <SubTexture name="playstation_button_square_outline" x="0" y="256" width="128" height="128" />
  <SubTexture name="playstation_button_triangle" x="128" y="256" width="128" height="128" />
  <SubTexture name="playstation_button_triangle_outline" x="256" y="256" width="128" height="128" />
  <SubTexture name="playstation_dpad" x="384" y="256" width="128" height="128" />
  <SubTexture name="playstation_dpad_all" x="512" y="256" width="128" height="128" />
  <SubTexture name="playstation_dpad_down" x="640" y="256" width="128" height="128" />
  <SubTexture name="playstation_dpad_down_outline" x="768" y="256" width="128" height="128" />
  <SubTexture name="playstation_dpad_horizontal" x="896" y="256" width="128" height="128" />
  <SubTexture name="playstation_dpad_horizontal_outline" x="1024" y="256" width="128" height="128" />
  <SubTexture name="playstation_dpad_left" x="1152" y="256" width="128" height="128" />
  <SubTexture name="playstation_dpad_left_outline" x="1280" y="256" width="128" height="128" />
  <SubTexture name="playstation_dpad_none" x="1408" y="256" width="128" height="128" />
  <SubTexture name="playstation_dpad_right" x="0" y="384" width="128" height="128" />
  <SubTexture name="playstation_dpad_right_outline" x="128" y="384" width="128" height="128" />
  <SubTexture name="playstation_dpad_up" x="256" y="384" width="128" height="128" />
  <SubTexture name="playstation_dpad_up_outline" x="384" y="384" width="128" height="128" />
  <SubTexture name="playstation_dpad_vertical" x="512" y="384" width="128" height="128" />
  <SubTexture name="playstation_dpad_vertical_outline" x="640" y="384" width="128" height="128" />
  <SubTexture name="playstation_stick_l" x="768" y="384" width="128" height="128" />
  <SubTexture name="playstation_stick_l_down" x="896" y="384" width="128" height="128" />
  <SubTexture name="playstation_stick_l_horizontal" x="1024" y="384" width="128" height="128" />
  <SubTexture name="playstation_stick_l_left" x="1152" y="384" width="128" height="128" />
  <SubTexture name="playstation_stick_l_press" x="1280" y="384" width="128" height="128" />
  <SubTexture name="playstation_stick_l_right" x="1408" y="384" width="128" height="128" />
  <SubTexture name="playstation_stick_l_up" x="0" y="512" width="128" height="128" />
  <SubTexture name="playstation_stick_l_vertical" x="128" y="512" width="128" height="128" />
  <SubTexture name="playstation_stick_r" x="256" y="512" width="128" height="128" />
  <SubTexture name="playstation_stick_r_down" x="384" y="512" width="128" height="128" />
  <SubTexture name="playstation_stick_r_horizontal" x="512" y="512" width="128" height="128" />
  <SubTexture name="playstation_stick_r_left" x="640" y="512" width="128" height="128" />
  <SubTexture name="playstation_stick_r_press" x="768" y="512" width="128" height="128" />
  <SubTexture name="playstation_stick_r_right" x="896" y="512" width="128" height="128" />
  <SubTexture name="playstation_stick_r_up" x="1024" y="512" width="128" height="128" />
  <SubTexture name="playstation_stick_r_vertical" x="1152" y="512" width="128" height="128" />
  <SubTexture name="playstation_stick_side_l" x="1280" y="512" width="128" height="128" />
  <SubTexture name="playstation_stick_side_r" x="1408" y="512" width="128" height="128" />
  <SubTexture name="playstation_stick_top_l" x="0" y="640" width="128" height="128" />
  <SubTexture name="playstation_stick_top_r" x="128" y="640" width="128" height="128" />
  <SubTexture name="playstation_trigger_l1" x="256" y="640" width="128" height="128" />
  <SubTexture name="playstation_trigger_l1_alternative" x="384" y="640" width="128" height="128" />
  <SubTexture name="playstation_trigger_l1_alternative_outline" x="512" y="640" width="128" height="128" />
  <SubTexture name="playstation_trigger_l1_outline" x="640" y="640" width="128" height="128" />
  <SubTexture name="playstation_trigger_l2" x="768" y="640" width="128" height="128" />
  <SubTexture name="playstation_trigger_l2_alternative" x="896" y="640" width="128" height="128" />
  <SubTexture name="playstation_trigger_l2_alternative_outline" x="1024" y="640" width="128" height="128" />
  <SubTexture name="playstation_trigger_l2_outline" x="1152" y="640" width="128" height="128" />
  <SubTexture name="playstation_trigger_r1" x="1280" y="640" width="128" height="128" />
  <SubTexture name="playstation_trigger_r1_alternative" x="1408" y="640" width="128" height="128" />
  <SubTexture name="playstation_trigger_r1_alternative_outline" x="0" y="768" width="128" height="128" />
  <SubTexture name="playstation_trigger_r1_outline" x="128" y="768" width="128" height="128" />
  <SubTexture name="playstation_trigger_r2" x="256" y="768" width="128" height="128" />
  <SubTexture name="playstation_trigger_r2_alternative" x="384" y="768" width="128" height="128" />
  <SubTexture name="playstation_trigger_r2_alternative_outline" x="512" y="768" width="128" height="128" />
  <SubTexture name="playstation_trigger_r2_outline" x="640" y="768" width="128" height="128" />
  <SubTexture name="playstation3_button_select" x="768" y="768" width="128" height="128" />
  <SubTexture name="playstation3_button_select_outline" x="896" y="768" width="128" height="128" />
  <SubTexture name="playstation3_button_start" x="1024" y="768" width="128" height="128" />
  <SubTexture name="playstation3_button_start_outline" x="1152" y="768" width="128" height="128" />
  <SubTexture name="playstation4_button_options" x="1280" y="768" width="128" height="128" />
  <SubTexture name="playstation4_button_options_outline" x="1408" y="768" width="128" height="128" />
  <SubTexture name="playstation4_button_share" x="0" y="896" width="128" height="128" />
  <SubTexture name="playstation4_button_share_outline" x="128" y="896" width="128" height="128" />
  <SubTexture name="playstation4_touchpad" x="256" y="896" width="128" height="128" />
  <SubTexture name="playstation4_touchpad_outline" x="384" y="896" width="128" height="128" />
  <SubTexture name="playstation4_touchpad_press" x="512" y="896" width="128" height="128" />
  <SubTexture name="playstation4_touchpad_press_center" x="640" y="896" width="128" height="128" />
  <SubTexture name="playstation4_touchpad_press_left" x="768" y="896" width="128" height="128" />
  <SubTexture name="playstation4_touchpad_press_right" x="896" y="896" width="128" height="128" />
  <SubTexture name="playstation4_touchpad_selected" x="1024" y="896" width="128" height="128" />
  <SubTexture name="playstation4_touchpad_swipe_down" x="1152" y="896" width="128" height="128" />
  <SubTexture name="playstation4_touchpad_swipe_horizontal" x="1280" y="896" width="128" height="128" />
  <SubTexture name="playstation4_touchpad_swipe_left" x="1408" y="896" width="128" height="128" />
  <SubTexture name="playstation4_touchpad_swipe_right" x="0" y="1024" width="128" height="128" />
  <SubTexture name="playstation4_touchpad_swipe_up" x="128" y="1024" width="128" height="128" />
  <SubTexture name="playstation4_touchpad_swipe_vertical" x="256" y="1024" width="128" height="128" />
  <SubTexture name="playstation4_touchpad_touch" x="384" y="1024" width="128" height="128" />
  <SubTexture name="playstation4_touchpad_touch_outline" x="512" y="1024" width="128" height="128" />
  <SubTexture name="playstation5_button_create" x="640" y="1024" width="128" height="128" />
  <SubTexture name="playstation5_button_create_alternative" x="768" y="1024" width="128" height="128" />
  <SubTexture name="playstation5_button_create_alternative_outline" x="896" y="1024" width="128" height="128" />
  <SubTexture name="playstation5_button_create_outline" x="1024" y="1024" width="128" height="128" />
  <SubTexture name="playstation5_button_mute" x="1152" y="1024" width="128" height="128" />
  <SubTexture name="playstation5_button_mute_outline" x="1280" y="1024" width="128" height="128" />
  <SubTexture name="playstation5_button_options" x="1408" y="1024" width="128" height="128" />
  <SubTexture name="playstation5_button_options_alternative" x="0" y="1152" width="128" height="128" />
  <SubTexture name="playstation5_button_options_alternative_outline" x="128" y="1152" width="128" height="128" />
  <SubTexture name="playstation5_button_options_outline" x="256" y="1152" width="128" height="128" />
  <SubTexture name="playstation5_elite_fn_l" x="384" y="1152" width="128" height="128" />
  <SubTexture name="playstation5_elite_fn_l_outline" x="512" y="1152" width="128" height="128" />
  <SubTexture name="playstation5_elite_fn_r" x="640" y="1152" width="128" height="128" />
  <SubTexture name="playstation5_elite_fn_r_outline" x="768" y="1152" width="128" height="128" />
  <SubTexture name="playstation5_elite_lb" x="896" y="1152" width="128" height="128" />
  <SubTexture name="playstation5_elite_lb_outline" x="1024" y="1152" width="128" height="128" />
  <SubTexture name="playstation5_elite_rb" x="1152" y="1152" width="128" height="128" />
  <SubTexture name="playstation5_elite_rb_outline" x="1280" y="1152" width="128" height="128" />
  <SubTexture name="playstation5_touchpad" x="1408" y="1152" width="128" height="128" />
  <SubTexture name="playstation5_touchpad_outline" x="0" y="1280" width="128" height="128" />
  <SubTexture name="playstation5_touchpad_press" x="128" y="1280" width="128" height="128" />
  <SubTexture name="playstation5_touchpad_press_center" x="256" y="1280" width="128" height="128" />
  <SubTexture name="playstation5_touchpad_press_left" x="384" y="1280" width="128" height="128" />
  <SubTexture name="playstation5_touchpad_press_right" x="512" y="1280" width="128" height="128" />
  <SubTexture name="playstation5_touchpad_selected" x="640" y="1280" width="128" height="128" />
  <SubTexture name="playstation5_touchpad_swipe_down" x="768" y="1280" width="128" height="128" />
  <SubTexture name="playstation5_touchpad_swipe_horizontal" x="896" y="1280" width="128" height="128" />
  <SubTexture name="playstation5_touchpad_swipe_left" x="1024" y="1280" width="128" height="128" />
  <SubTexture name="playstation5_touchpad_swipe_right" x="1152" y="1280" width="128" height="128" />
  <SubTexture name="playstation5_touchpad_swipe_up" x="1280" y="1280" width="128" height="128" />
  <SubTexture name="playstation5_touchpad_swipe_vertical" x="1408" y="1280" width="128" height="128" />
  <SubTexture name="playstation5_touchpad_touch" x="0" y="1408" width="128" height="128" />
  <SubTexture name="playstation5_touchpad_touch_outline" x="128" y="1408" width="128" height="128" />
</TextureAtlas>